sample_size;time
100;443.80248951911926
200;913.011342048645
300;1370.8989655971527
400;1731.857722043991
500;1999.2737605571747
