sample_size;time
100;2.6755712032318115
200;16.401580095291138
300;33.2667191028595
400;12.484179019927979
500;12.206235408782959
